{
  "dopamine_base": 0.6190535834164095,
  "serotonin_base": 0.3572024089609324,
  "cortisol_base": 0.620477106272242,
  "oxytocin_base": 0.587385917278839,
  "plasticity": 0.09900498337491681,
  "age": 5
}